{"発熱": {"precision": [0.0, 0.5, 0.6666666666666666, 0.75, 0.8, 0.8333333333333334, 0.8571428571428571, 0.875, 0.8888888888888888, 0.9, 0.9090909090909091, 0.9166666666666666, 0.9230769230769231, 0.9285714285714286, 0.9333333333333333, 0.9375, 0.9411764705882353, 0.9444444444444444, 0.9473684210526315, 0.95, 0.9047619047619048, 0.8636363636363636, 0.8260869565217391, 0.7916666666666666, 0.8, 0.8076923076923077, 0.7777777777777778, 0.7857142857142857, 0.7586206896551724, 0.7333333333333333, 0.7096774193548387, 0.6875, 0.6666666666666666, 0.6470588235294118, 0.6285714285714286, 0.6111111111111112, 0.5945945945945946, 0.5789473684210527, 0.5641025641025641, 0.55, 0.5365853658536586, 0.5238095238095238, 0.5116279069767442, 0.5, 0.4888888888888889, 0.5, 0.48936170212765956, 0.4791666666666667, 0.46938775510204084, 0.46, 0.45098039215686275, 0.4423076923076923, 0.4339622641509434, 0.42592592592592593, 0.41818181818181815, 0.4107142857142857, 0.40350877192982454, 0.39655172413793105, 0.3898305084745763, 0.38333333333333336, 0.3770491803278688, 0.3709677419354839, 0.36507936507936506, 0.359375, 0.35384615384615387, 0.3484848484848485, 0.34328358208955223, 0.3382352941176471, 0.3333333333333333, 0.32857142857142857, 0.323943661971831, 0.3194444444444444, 0.3150684931506849, 0.3108108108108108, 0.32], "recall": [0.0, 0.041666666666666664, 0.08333333333333333, 0.125, 0.16666666666666666, 0.20833333333333334, 0.25, 0.2916666666666667, 0.3333333333333333, 0.375, 0.4166666666666667, 0.4583333333333333, 0.5, 0.5416666666666666, 0.5833333333333334, 0.625, 0.6666666666666666, 0.7083333333333334, 0.75, 0.7916666666666666, 0.7916666666666666, 0.7916666666666666, 0.7916666666666666, 0.7916666666666666, 0.8333333333333334, 0.875, 0.875, 0.9166666666666666, 0.9166666666666666, 0.9166666666666666, 0.9166666666666666, 0.9166666666666666, 0.9166666666666666, 0.9166666666666666, 0.9166666666666666, 0.9166666666666666, 0.9166666666666666, 0.9166666666666666, 0.9166666666666666, 0.9166666666666666, 0.9166666666666666, 0.9166666666666666, 0.9166666666666666, 0.9166666666666666, 0.9166666666666666, 0.9583333333333334, 0.9583333333333334, 0.9583333333333334, 0.9583333333333334, 0.9583333333333334, 0.9583333333333334, 0.9583333333333334, 0.9583333333333334, 0.9583333333333334, 0.9583333333333334, 0.9583333333333334, 0.9583333333333334, 0.9583333333333334, 0.9583333333333334, 0.9583333333333334, 0.9583333333333334, 0.9583333333333334, 0.9583333333333334, 0.9583333333333334, 0.9583333333333334, 0.9583333333333334, 0.9583333333333334, 0.9583333333333334, 0.9583333333333334, 0.9583333333333334, 0.9583333333333334, 0.9583333333333334, 0.9583333333333334, 0.9583333333333334, 1.0], "auc": 0.7966056546513203, "average_precision": 0.8173194556776213}, "浮腫": {"precision": [1.0, 1.0, 1.0, 1.0, 1.0, 1.0, 1.0, 0.875, 0.7777777777777778, 0.7, 0.6363636363636364, 0.5833333333333334, 0.5384615384615384, 0.5, 0.4666666666666667, 0.4375, 0.4117647058823529, 0.3888888888888889, 0.3684210526315789, 0.35, 0.3333333333333333, 0.3181818181818182, 0.30434782608695654, 0.2916666666666667, 0.28, 0.2692307692307692, 0.25925925925925924, 0.25, 0.2413793103448276, 0.23333333333333334, 0.22580645161290322, 0.25, 0.24242424242424243, 0.23529411764705882, 0.22857142857142856, 0.2222222222222222, 0.21621621621621623, 0.21052631578947367, 0.20512820512820512, 0.2, 0.1951219512195122, 0.19047619047619047, 0.18604651162790697, 0.18181818181818182, 0.17777777777777778, 0.17391304347826086, 0.1702127659574468, 0.16666666666666666, 0.16326530612244897, 0.16, 0.1568627450980392, 0.15384615384615385, 0.1509433962264151, 0.14814814814814814, 0.16363636363636364, 0.16071428571428573, 0.15789473684210525, 0.15517241379310345, 0.15254237288135594, 0.15, 0.14754098360655737, 0.14516129032258066, 0.14285714285714285, 0.140625, 0.13846153846153847, 0.13636363636363635, 0.14925373134328357, 0.14705882352941177, 0.14492753623188406, 0.14285714285714285, 0.14084507042253522, 0.1388888888888889, 0.136986301369863, 0.13513513513513514, 0.13333333333333333], "recall": [0.1, 0.2, 0.3, 0.4, 0.5, 0.6, 0.7, 0.7, 0.7, 0.7, 0.7, 0.7, 0.7, 0.7, 0.7, 0.7, 0.7, 0.7, 0.7, 0.7, 0.7, 0.7, 0.7, 0.7, 0.7, 0.7, 0.7, 0.7, 0.7, 0.7, 0.7, 0.8, 0.8, 0.8, 0.8, 0.8, 0.8, 0.8, 0.8, 0.8, 0.8, 0.8, 0.8, 0.8, 0.8, 0.8, 0.8, 0.8, 0.8, 0.8, 0.8, 0.8, 0.8, 0.8, 0.9, 0.9, 0.9, 0.9, 0.9, 0.9, 0.9, 0.9, 0.9, 0.9, 0.9, 0.9, 1.0, 1.0, 1.0, 1.0, 1.0, 1.0, 1.0, 1.0, 1.0], "auc": 0.6536604165552167, "average_precision": 0.7562890094979647}, "出血": {"precision": [0.0, 0.0, 0.0, 0.0, 0.0, 0.0, 0.0, 0.0, 0.0, 0.0, 0.0, 0.0, 0.0, 0.0, 0.0, 0.0, 0.0, 0.0, 0.0, 0.05, 0.047619047619047616, 0.045454545454545456, 0.043478260869565216, 0.041666666666666664, 0.04, 0.038461538461538464, 0.037037037037037035, 0.03571428571428571, 0.034482758620689655, 0.03333333333333333, 0.03225806451612903, 0.03125, 0.030303030303030304, 0.029411764705882353, 0.02857142857142857, 0.027777777777777776, 0.02702702702702703, 0.02631578947368421, 0.02564102564102564, 0.025, 0.024390243902439025, 0.023809523809523808, 0.023255813953488372, 0.022727272727272728, 0.022222222222222223, 0.021739130434782608, 0.02127659574468085, 0.020833333333333332, 0.02040816326530612, 0.02, 0.0196078431372549, 0.019230769230769232, 0.018867924528301886, 0.018518518518518517, 0.01818181818181818, 0.017857142857142856, 0.017543859649122806, 0.034482758620689655, 0.03389830508474576, 0.03333333333333333, 0.03278688524590164, 0.03225806451612903, 0.031746031746031744, 0.03125, 0.03076923076923077, 0.030303030303030304, 0.029850746268656716, 0.029411764705882353, 0.028985507246376812, 0.02857142857142857, 0.028169014084507043, 0.027777777777777776, 0.0273972602739726, 0.02702702702702703, 0.02666666666666667], "recall": [0.0, 0.0, 0.0, 0.0, 0.0, 0.0, 0.0, 0.0, 0.0, 0.0, 0.0, 0.0, 0.0, 0.0, 0.0, 0.0, 0.0, 0.0, 0.0, 0.5, 0.5, 0.5, 0.5, 0.5, 0.5, 0.5, 0.5, 0.5, 0.5, 0.5, 0.5, 0.5, 0.5, 0.5, 0.5, 0.5, 0.5, 0.5, 0.5, 0.5, 0.5, 0.5, 0.5, 0.5, 0.5, 0.5, 0.5, 0.5, 0.5, 0.5, 0.5, 0.5, 0.5, 0.5, 0.5, 0.5, 0.5, 1.0, 1.0, 1.0, 1.0, 1.0, 1.0, 1.0, 1.0, 1.0, 1.0, 1.0, 1.0, 1.0, 1.0, 1.0, 1.0, 1.0, 1.0], "auc": 0.025506654567453116, "average_precision": 0.04224137931034483}, "いらいら": {"precision": [1.0, 0.5, 0.6666666666666666, 0.75, 0.8, 0.8333333333333334, 0.8571428571428571, 0.875, 0.8888888888888888, 0.9, 0.9090909090909091, 0.9166666666666666, 0.9230769230769231, 0.8571428571428571, 0.8, 0.75, 0.7058823529411765, 0.6666666666666666, 0.631578947368421, 0.6, 0.5714285714285714, 0.5454545454545454, 0.5217391304347826, 0.5, 0.48, 0.46153846153846156, 0.4444444444444444, 0.42857142857142855, 0.41379310344827586, 0.4, 0.3870967741935484, 0.375, 0.36363636363636365, 0.35294117647058826, 0.34285714285714286, 0.3333333333333333, 0.32432432432432434, 0.3157894736842105, 0.3076923076923077, 0.3, 0.2926829268292683, 0.2857142857142857, 0.27906976744186046, 0.2727272727272727, 0.28888888888888886, 0.2826086956521739, 0.2765957446808511, 0.2708333333333333, 0.2653061224489796, 0.26, 0.2549019607843137, 0.25, 0.24528301886792453, 0.24074074074074073, 0.23636363636363636, 0.23214285714285715, 0.22807017543859648, 0.22413793103448276, 0.22033898305084745, 0.21666666666666667, 0.21311475409836064, 0.20967741935483872, 0.20634920634920634, 0.203125, 0.2, 0.21212121212121213, 0.208955223880597, 0.20588235294117646, 0.2028985507246377, 0.2, 0.19718309859154928, 0.19444444444444445, 0.2054794520547945, 0.21621621621621623, 0.21333333333333335],