{"発熱": {"precision": [1.0, 1.0, 1.0, 0.75, 0.8, 0.8333333333333334, 0.8571428571428571, 0.875, 0.8888888888888888, 0.9, 0.8181818181818182, 0.8333333333333334, 0.8461538461538461, 0.8571428571428571, 0.8666666666666667, 0.8125, 0.8235294117647058, 0.8333333333333334, 0.7894736842105263, 0.75, 0.7619047619047619, 0.7272727272727273, 0.6956521739130435, 0.6666666666666666, 0.64, 0.6153846153846154, 0.5925925925925926, 0.6071428571428571, 0.6206896551724138, 0.6, 0.5806451612903226, 0.59375, 0.5757575757575758, 0.5882352941176471, 0.5714285714285714, 0.5555555555555556, 0.5405405405405406, 0.5263157894736842, 0.5128205128205128, 0.5, 0.4878048780487805, 0.47619047619047616, 0.46511627906976744, 0.4772727272727273, 0.4666666666666667, 0.45652173913043476, 0.44680851063829785, 0.4375, 0.42857142857142855, 0.42, 0.4117647058823529, 0.40384615384615385, 0.39622641509433965, 0.3888888888888889, 0.38181818181818183, 0.375, 0.3684210526315789, 0.3620689655172414, 0.3559322033898305, 0.35, 0.36065573770491804, 0.3548387096774194, 0.3492063492063492, 0.359375, 0.35384615384615387, 0.3484848484848485, 0.3582089552238806, 0.35294117647058826, 0.34782608695652173, 0.34285714285714286, 0.3380281690140845, 0.3333333333333333, 0.3287671232876712, 0.32432432432432434, 0.32], "recall": [0.041666666666666664, 0.08333333333333333, 0.125, 0.125, 0.16666666666666666, 0.20833333333333334, 0.25, 0.2916666666666667, 0.3333333333333333, 0.375, 0.375, 0.4166666666666667, 0.4583333333333333, 0.5, 0.5416666666666666, 0.5416666666666666, 0.5833333333333334, 0.625, 0.625, 0.625, 0.6666666666666666, 0.6666666666666666, 0.6666666666666666, 0.6666666666666666, 0.6666666666666666, 0.6666666666666666, 0.6666666666666666, 0.7083333333333334, 0.75, 0.75, 0.75, 0.7916666666666666, 0.7916666666666666, 0.8333333333333334, 0.8333333333333334, 0.8333333333333334, 0.8333333333333334, 0.8333333333333334, 0.8333333333333334, 0.8333333333333334, 0.8333333333333334, 0.8333333333333334, 0.8333333333333334, 0.875, 0.875, 0.875, 0.875, 0.875, 0.875, 0.875, 0.875, 0.875, 0.875, 0.875, 0.875, 0.875, 0.875, 0.875, 0.875, 0.875, 0.9166666666666666, 0.9166666666666666, 0.9166666666666666, 0.9583333333333334, 0.9583333333333334, 0.9583333333333334, 1.0, 1.0, 1.0, 1.0, 1.0, 1.0, 1.0, 1.0, 1.0], "auc": 0.6990814901205205, "average_precision": 0.7475733131791262}, "浮腫": {"precision": [1.0, 1.0, 0.6666666666666666, 0.5, 0.4, 0.5, 0.42857142857142855, 0.375, 0.3333333333333333, 0.3, 0.2727272727272727, 0.25, 0.3076923076923077, 0.2857142857142857, 0.26666666666666666, 0.25, 0.29411764705882354, 0.2777777777777778, 0.2631578947368421, 0.3, 0.3333333333333333, 0.3181818181818182, 0.30434782608695654, 0.2916666666666667, 0.28, 0.2692307692307692, 0.2962962962962963, 0.2857142857142857, 0.3103448275862069, 0.3, 0.2903225806451613, 0.28125, 0.2727272727272727, 0.2647058823529412, 0.2571428571428571, 0.25, 0.24324324324324326, 0.23684210526315788, 0.23076923076923078, 0.225, 0.21951219512195122, 0.21428571428571427, 0.20930232558139536, 0.20454545454545456, 0.2222222222222222, 0.21739130434782608, 0.2127659574468085, 0.20833333333333334, 0.20408163265306123, 0.2, 0.19607843137254902, 0.19230769230769232, 0.18867924528301888, 0.18518518518518517, 0.18181818181818182, 0.17857142857142858, 0.17543859649122806, 0.1724137931034483, 0.1694915254237288, 0.16666666666666666, 0.16393442622950818, 0.16129032258064516, 0.15873015873015872, 0.15625, 0.15384615384615385, 0.15151515151515152, 0.14925373134328357, 0.14705882352941177, 0.14492753623188406, 0.14285714285714285, 0.14084507042253522, 0.1388888888888889, 0.136986301369863, 0.13513513513513514, 0.13333333333333333], "recall": [0.1, 0.2, 0.2, 0.2, 0.2, 0.3, 0.3, 0.3, 0.3, 0.3, 0.3, 0.3, 0.4, 0.4, 0.4, 0.4, 0.5, 0.5, 0.5, 0.6, 0.7, 0.7, 0.7, 0.7, 0.7, 0.7, 0.8, 0.8, 0.9, 0.9, 0.9, 0.9, 0.9, 0.9, 0.9, 0.9, 0.9, 0.9, 0.9, 0.9, 0.9, 0.9, 0.9, 0.9, 1.0, 1.0, 1.0, 1.0, 1.0, 1.0, 1.0, 1.0, 1.0, 1.0, 1.0, 1.0, 1.0, 1.0, 1.0, 1.0, 1.0, 1.0, 1.0, 1.0, 1.0, 1.0, 1.0, 1.0, 1.0, 1.0, 1.0, 1.0, 1.0, 1.0, 1.0], "auc": 0.33933275192082707, "average_precision": 0.456400663418919}, "出血": {"precision": [1.0, 0.5, 0.3333333333333333, 0.25, 0.2, 0.16666666666666666, 0.14285714285714285, 0.125, 0.1111111111111111, 0.1, 0.09090909090909091, 0.08333333333333333, 0.07692307692307693, 0.07142857142857142, 0.06666666666666667, 0.0625, 0.058823529411764705, 0.05555555555555555, 0.05263157894736842, 0.05, 0.047619047619047616, 0.045454545454545456, 0.043478260869565216, 0.041666666666666664, 0.04, 0.038461538461538464, 0.037037037037037035, 0.03571428571428571, 0.034482758620689655, 0.03333333333333333, 0.03225806451612903, 0.03125, 0.030303030303030304, 0.058823529411764705, 0.05714285714285714, 0.05555555555555555, 0.05405405405405406, 0.05263157894736842, 0.05128205128205128, 0.05, 0.04878048780487805, 0.047619047619047616, 0.046511627906976744, 0.045454545454545456, 0.044444444444444446, 0.043478260869565216, 0.0425531914893617, 0.041666666666666664, 0.04081632653061224, 0.04, 0.0392156862745098, 0.038461538461538464, 0.03773584905660377, 0.037037037037037035, 0.03636363636363636, 0.03571428571428571, 0.03508771929824561, 0.034482758620689655, 0.03389830508474576, 0.03333333333333333, 0.03278688524590164, 0.03225806451612903, 0.031746031746031744, 0.03125, 0.03076923076923077, 0.030303030303030304, 0.029850746268656716, 0.029411764705882353, 0.028985507246376812, 0.02857142857142857, 0.028169014084507043, 0.027777777777777776, 0.0273972602739726, 0.02702702702702703, 0.02666666666666667], "recall": [0.5, 0.5, 0.5, 0.5, 0.5, 0.5, 0.5, 0.5, 0.5, 0.5, 0.5, 0.5, 0.5, 0.5, 0.5, 0.5, 0.5, 0.5, 0.5, 0.5, 0.5, 0.5, 0.5, 0.5, 0.5, 0.5, 0.5, 0.5, 0.5, 0.5, 0.5, 0.5, 0.5, 1.0, 1.0, 1.0, 1.0, 1.0, 1.0, 1.0, 1.0, 1.0, 1.0, 1.0, 1.0, 1.0, 1.0, 1.0, 1.0, 1.0, 1.0, 1.0, 1.0, 1.0, 1.0, 1.0, 1.0, 1.0, 1.0, 1.0, 1.0, 1.0, 1.0, 1.0, 1.0, 1.0, 1.0, 1.0, 1.0, 1.0, 1.0, 1.0, 1.0, 1.0, 1.0], "auc": 0.022281639928698752, "average_precision": 0.5294117647058824}, "いらいら": {"precision": [1.0, 1.0, 1.0, 1.0, 0.8, 0.8333333333333334, 0.8571428571428571, 0.875, 0.8888888888888888, 0.8, 0.7272727272727273, 0.6666666666666666, 0.6153846153846154, 0.5714285714285714, 0.5333333333333333, 0.5625, 0.5294117647058824, 0.5, 0.47368421052631576, 0.45, 0.47619047619047616, 0.45454545454545453, 0.43478260869565216, 0.4166666666666667, 0.4, 0.38461538461538464, 0.4074074074074074, 0.42857142857142855, 0.41379310344827586, 0.4, 0.3870967741935484, 0.375, 0.36363636363636365, 0.35294117647058826, 0.34285714285714286, 0.3333333333333333, 0.32432432432432434, 0.3157894736842105, 0.3333333333333333, 0.325, 0.3170731707317073, 0.3333333333333333, 0.32558139534883723, 0.3409090909090909, 0.3333333333333333, 0.32608695652173914, 0.3191489361702128, 0.3125, 0.32653061224489793, 0.32, 0.3137254901960784, 0.3076923076923077, 0.3018867924528302, 0.2962962962962963, 0.2909090909090909, 0.2857142857142857, 0.2807017543859649, 0.27586206896551724, 0.2711864406779661, 0.26666666666666666, 0.26229508196721313, 0.25806451612903225, 0.25396825396825395, 0.25, 0.24615384615384617, 0.24242424242424243, 0.23880597014925373, 0.23529411764705882, 0.2318840579710145, 0.22857142857142856, 0.22535211267605634, 0.2222222222222222, 0.2191780821917808, 0.21621621621621623, 0.21333333333333335], "recall": [0.0625, 0.125, 0.1875, 0.25, 0.25, 0.3125, 0.375, 0.4375, 0.5, 0.5, 0.5, 0.5, 0.5, 0.5, 0.5, 0.5625, 0.5625, 0.5625, 0.5625, 0.5625, 0.625, 0.625, 0.625, 0.625, 0.625, 0.625, 0.6875, 0.75, 0.75, 0.75, 0.75, 0.75, 0.75, 0.75, 0.75, 0.75, 0.75, 0.75, 0.8125, 0.8125, 0.8125, 0.875, 0.875, 0.9375, 0.9375, 0.9375, 0.9375, 0.9375, 1.0, 1.0, 1.0, 1.0, 1.0, 1.0, 1.0, 1.0, 1.0, 1.0, 1.0, 1.0, 1.0, 1.0, 1.0, 1.0, 1.0, 1.0, 1.0, 1.0, 1.0, 1.0, 1.0, 1.0, 1.0, 1.0, 1.0], "auc": 0.5960911599047536, "average_precision": 0.6664462975846905},